Patient Name,DOB,Vaccine Type,Last Vaccine,Next Due
Jessica Kline,1981-01-13,Tetanus,2024-02-16,2025-12-27
Stephanie Parks,2008-04-06,HPV,2024-12-25,2026-03-24
Victor York,1956-04-14,Tetanus,2024-09-15,2026-04-18
Victoria Perez,1951-12-19,Hepatitis,2024-01-02,2025-10-30
Sydney Brown,1940-09-29,Hepatitis,2024-07-18,2026-03-07
Christine Jones,1975-06-06,Flu,2023-12-31,2024-10-30
Benjamin Bush,1968-04-02,Hepatitis,2023-11-16,2025-02-04
Catherine Fox,1960-03-05,Hepatitis,2025-05-17,2027-02-09
Thomas Hamilton,1989-05-02,COVID,2025-02-25,2026-09-24
Michael Herrera,1976-10-26,MMR,2024-07-07,2026-03-18
Kimberly Hayes,1948-08-30,MMR,2024-05-28,2025-04-23
Rachel Cline,1979-09-14,COVID,2024-07-17,2025-10-08
Melanie Bradshaw,1950-08-31,HPV,2024-10-03,2026-09-09
Brandon Lopez,1984-10-31,Flu,2025-06-20,2026-03-10
Jason Aguirre,1999-02-01,COVID,2024-03-09,2025-11-22
Nicholas King,1995-09-16,MMR,2024-04-05,2025-10-06
Haley Gomez,2004-12-13,Tetanus,2024-11-28,2026-01-11
Megan Chavez,1962-03-14,Flu,2024-05-03,2025-10-03
Jeffery Obrien,1995-09-13,Tetanus,2025-04-09,2025-11-24
Brittany Myers,1980-02-28,HPV,2025-01-09,2026-09-10
Kimberly Bernard,2015-02-09,COVID,2025-05-07,2026-07-07
Daniel Aguilar,2008-08-25,HPV,2024-11-29,2026-04-30
Danielle Choi,1950-12-17,COVID,2024-10-08,2026-10-08
Michael Erickson PhD,1937-10-19,COVID,2024-08-12,2026-04-18
Mrs. Shannon Kelley,2018-02-17,MMR,2023-11-10,2025-02-09
Shannon Haynes,1963-12-05,Tetanus,2024-12-12,2026-01-15
Mary Phillips,1956-09-23,HPV,2023-09-17,2024-04-07
Sarah Carson,1975-05-14,Tetanus,2024-12-23,2025-07-13
Laura Kelly,1977-07-06,Hepatitis,2024-03-25,2025-10-20
Anthony Brandt,1942-05-15,COVID,2024-07-21,2025-08-19
Gary Dennis,1980-07-29,Tetanus,2025-05-20,2026-08-12
Ebony Terry,1971-12-04,Tetanus,2025-04-08,2026-02-26
Mary Hall,2019-03-01,COVID,2025-06-03,2026-11-01
Kevin Hendricks,2010-11-08,Hepatitis,2025-08-03,2026-11-29
Diane Hill,2003-04-27,COVID,2024-07-25,2025-10-11
Nicole Carr,1953-04-10,Tetanus,2025-06-16,2027-06-02
Mrs. Cathy Shaw,2010-04-13,Flu,2025-01-30,2025-09-06
Michael Johnson,1955-04-18,Hepatitis,2024-01-21,2025-08-17
Jason Myers,1945-01-06,Tetanus,2025-05-15,2026-06-16
Terry Wood,1993-05-29,Flu,2024-03-20,2025-04-23
Amy Johnson,2016-03-29,COVID,2023-08-18,2024-08-25
Frank Jones,2009-04-19,Tetanus,2024-11-08,2026-06-21
Anthony Graham,1958-12-12,Hepatitis,2024-08-24,2025-03-07
Melissa Dennis,1973-08-31,HPV,2023-11-17,2024-09-23
Jamie Owens,1970-10-09,COVID,2024-02-24,2025-01-03
Michelle Sanford,1961-04-12,Tetanus,2025-06-05,2026-05-23
Jo Ewing,1959-04-12,HPV,2024-04-30,2025-07-25
Scott Foster,2017-01-19,Flu,2025-06-11,2026-06-23
David Schmitt,1958-10-26,COVID,2025-03-05,2026-07-20
Cynthia White,1971-07-24,Hepatitis,2025-05-27,2027-05-08
Christopher Hicks,1997-01-18,Hepatitis,2025-05-29,2026-02-14
Nicole Stevens,1998-06-12,MMR,2024-07-21,2026-03-04
Marc Johnson,1985-08-09,HPV,2024-11-30,2026-05-21
Joshua Johnson,2012-03-24,MMR,2023-10-11,2024-12-03
April Boyd,2013-02-21,Tetanus,2023-11-07,2025-01-08
Destiny Anderson,1945-11-02,Flu,2025-04-14,2025-11-10
Mr. Chris Chung,2007-07-23,MMR,2024-12-31,2025-10-16
Jessica Baker,1975-03-01,COVID,2023-12-20,2024-07-08
Rachel Thomas,1998-01-27,Hepatitis,2024-05-21,2025-09-07
Mary Hall,1966-12-23,Flu,2024-09-16,2026-08-08
Mark Weiss,1935-01-01,Hepatitis,2024-09-10,2025-06-09
Danielle Johnson,1944-08-23,Hepatitis,2024-09-15,2026-04-29
Patrick Little,1979-04-10,Hepatitis,2025-07-25,2026-09-22
Judy Hill,1967-12-22,Tetanus,2024-01-29,2025-08-06
April Buck,1993-12-21,MMR,2023-09-17,2024-06-15
Gregory Richards,1995-01-31,MMR,2025-01-18,2026-02-15
Daniel Ramirez,1965-08-13,HPV,2024-11-18,2026-01-12
Amanda Brown,1977-09-06,Tetanus,2025-05-22,2026-06-06
Nathaniel Fitzgerald,1948-10-22,HPV,2024-06-20,2025-02-25
Joseph Miller,1978-10-11,HPV,2023-11-13,2025-04-21
Lori Morales,1959-03-14,Tetanus,2025-01-20,2026-02-05
Nathan Mcclure,1983-07-10,Flu,2023-09-28,2024-11-24
James Powers,1967-03-10,HPV,2024-11-01,2026-02-28
Karen Hoffman,1987-03-18,MMR,2024-03-25,2026-03-20
Tyler Vasquez,1950-03-28,Flu,2025-04-06,2026-11-09
Johnny Cowan,1992-05-18,HPV,2023-10-07,2025-02-24
Connor Malone,2000-04-13,Tetanus,2024-12-24,2026-10-26
Carla Combs,1940-10-19,COVID,2024-04-14,2024-11-29
Jesus Patel,1950-06-03,HPV,2024-04-22,2026-04-14
Christina Lewis,1941-07-23,MMR,2024-11-07,2026-05-21
Jack Porter,1967-04-26,HPV,2024-02-11,2025-04-02
Joseph Vasquez,1948-11-15,COVID,2024-11-30,2026-04-28
Alex Gomez,1969-10-17,Hepatitis,2024-10-02,2026-04-20
Kimberly Campbell,1973-08-20,Hepatitis,2023-09-29,2024-07-12
Elizabeth Cook,1951-08-06,Hepatitis,2024-10-03,2025-10-12
Erin Ross,1999-01-04,Tetanus,2024-06-30,2025-06-07
Kayla Lambert,1987-08-04,HPV,2024-09-29,2026-04-07
Cynthia Johnson,1946-08-31,HPV,2025-07-01,2026-11-01
Monica Davidson,1977-12-26,COVID,2025-06-16,2026-04-07
Julian Abbott,1952-10-09,Hepatitis,2025-03-04,2026-05-04
Michael Mcneil,1954-08-24,HPV,2023-09-18,2025-02-13
Ann House,1962-02-24,Tetanus,2025-01-31,2026-12-26
Brent Wiggins,1956-11-08,HPV,2024-07-08,2025-08-25
Victoria Pena,1971-10-13,Tetanus,2025-04-13,2027-04-04
Zachary Morris,2006-11-19,Hepatitis,2025-04-24,2027-02-28
Jose Baker,1995-10-16,Tetanus,2025-07-10,2026-12-08
Austin Villanueva,1972-12-18,COVID,2025-02-14,2025-12-28
Lauren Gregory,1943-11-09,Flu,2023-10-25,2025-08-30
Ashley Baker,1969-09-12,MMR,2025-02-13,2026-06-02
Shelby Craig,2007-02-12,Hepatitis,2023-09-24,2025-07-24
Leonard Martinez,1977-09-20,Tetanus,2024-05-24,2025-11-06
Jennifer Guerrero,1945-06-24,Tetanus,2023-09-11,2025-03-22
Elizabeth Odonnell,1981-01-19,MMR,2023-11-30,2025-05-27
Suzanne Irwin,1944-12-13,Tetanus,2023-08-13,2024-10-02
Jason Gilbert,2001-09-18,Flu,2025-04-11,2027-03-06
Candace Miller,2006-12-10,MMR,2023-12-15,2025-12-08
Krista Molina,1970-01-20,COVID,2025-01-17,2026-01-20
Elizabeth Hahn,1956-08-05,Hepatitis,2024-01-11,2024-11-07
Edward Martinez,1992-03-30,Flu,2023-12-31,2025-04-05
Louis Chavez,2019-03-09,Tetanus,2025-03-28,2026-02-20
David Stafford,1975-02-09,COVID,2025-02-25,2027-01-04
Trevor Russell,2015-08-04,Flu,2025-04-06,2026-05-18
Trevor Dunn,1980-03-19,Hepatitis,2023-11-29,2024-11-17
Matthew Allen,1972-06-12,COVID,2023-08-29,2024-10-10
Russell Avila,1941-12-09,Flu,2023-08-12,2025-03-27
James Jordan,1942-08-27,Tetanus,2025-04-09,2026-01-03
Matthew Pearson,1964-10-21,COVID,2025-02-10,2025-10-29
Bailey Salazar,2000-06-10,HPV,2025-01-18,2025-12-11
Stephen Zimmerman,1987-02-24,COVID,2024-03-07,2026-02-19
Dr. Pedro Frederick,2001-06-16,Hepatitis,2024-04-05,2026-03-06
Daniel Munoz,2013-12-16,Hepatitis,2024-06-23,2025-06-18
Courtney Cook,1998-07-24,Tetanus,2025-01-27,2026-07-12
Beth Tucker,2007-07-24,HPV,2024-05-24,2026-04-01
Jacob Collins,2009-05-06,COVID,2025-07-01,2026-05-11
Leah Wagner,1991-01-19,Flu,2024-08-19,2025-06-13
Eric Munoz,1975-05-02,Hepatitis,2023-11-05,2025-04-16
Holly Bentley,2013-09-02,Hepatitis,2025-05-06,2025-12-31
Kelly West,1937-06-10,Hepatitis,2024-02-04,2025-08-20
Desiree Jones,2013-11-28,MMR,2025-02-15,2025-12-02
Hannah Hernandez,2019-07-08,Tetanus,2025-03-16,2025-10-27
Matthew Cross,2002-12-16,Flu,2024-12-17,2026-04-12
Michael Reese,2006-08-01,Tetanus,2023-11-05,2025-05-26
Jason Mahoney,1994-09-08,Flu,2023-08-16,2025-01-15
Sarah Payne,1983-09-22,Tetanus,2023-10-03,2025-01-17
Jessica Hale,1958-02-02,Hepatitis,2024-08-25,2026-04-03
Mr. Samuel Garcia,1949-12-20,Tetanus,2024-03-14,2025-01-28
Stacy Flores,1949-03-06,Hepatitis,2023-11-21,2025-11-09
Ruth Flores,1935-07-25,COVID,2025-07-29,2026-07-03
Paul Jensen,1967-10-02,HPV,2025-06-18,2027-04-15
Jade Morris,1998-07-01,COVID,2024-06-13,2026-03-01
Shelley Clark,1946-02-20,Tetanus,2025-07-19,2026-06-23
John Lopez,1949-04-07,COVID,2024-02-24,2026-01-01
Caleb Allen,1992-01-14,Hepatitis,2024-11-13,2025-08-15
Ryan Brown,1935-06-12,COVID,2024-05-05,2026-02-27
Julia Holland,2015-08-10,Flu,2024-11-16,2026-04-23
Mariah Alexander,1998-05-09,Flu,2024-07-25,2026-03-11
Matthew Watson,1967-10-29,HPV,2024-09-16,2025-09-18
Deanna Lawson,1978-11-22,Flu,2024-08-26,2025-06-25
Kathryn Griffith,1945-08-18,HPV,2024-09-03,2026-01-06
Sandra Bryan,1956-04-25,MMR,2024-06-08,2025-11-18
Shelby Hammond,1945-08-22,COVID,2023-08-20,2025-03-04
David Green,1956-02-14,Tetanus,2024-04-12,2026-03-12
Emily Sanchez,2004-01-01,Hepatitis,2025-01-06,2026-07-24
Zachary Wright,1993-02-21,Flu,2024-06-21,2026-04-01
Brian Sullivan,2008-07-31,Tetanus,2025-08-07,2026-11-17
Charles Ross,1994-12-12,MMR,2025-04-20,2026-01-22
Anthony Allen,1992-05-23,COVID,2023-08-29,2025-01-01
Bethany Brock,1987-04-26,Tetanus,2023-08-27,2024-09-30
Cynthia Beard,1975-05-05,COVID,2025-02-23,2025-11-30
Rachel Campbell,1997-01-31,Flu,2025-06-14,2026-05-11
Jeffrey Smith,1938-03-15,MMR,2025-05-25,2026-10-13
Stephanie Collins,1965-10-02,Flu,2025-06-08,2026-06-14
James Jones,1957-04-10,HPV,2024-03-08,2025-08-07
Jamie Robinson,1937-02-18,COVID,2025-03-24,2026-06-18
Cassandra Bailey,1972-02-05,COVID,2023-10-19,2024-06-06
Rebecca Robbins,1958-07-21,Hepatitis,2024-11-23,2026-05-07
Jessica Torres,1976-03-16,COVID,2023-12-02,2025-04-28
Maria Hernandez,1951-12-18,MMR,2024-09-24,2026-07-21
Jason Scott,1951-04-17,Tetanus,2023-09-29,2025-02-12
Amber Sutton,2005-01-11,HPV,2024-08-23,2025-09-20
James Alvarado,1959-03-04,Flu,2023-11-04,2025-08-31
Brandon Ellis,2013-05-18,MMR,2024-05-20,2025-06-18
Christopher Sanders,1984-11-13,Tetanus,2024-09-24,2026-01-11
Erin Simon,2019-12-04,MMR,2023-12-03,2025-02-10
Laura Tucker,1983-09-16,MMR,2024-12-14,2026-05-07
Ashley Ramirez,1960-08-22,COVID,2025-05-26,2026-03-26
Alicia Fry,2011-07-10,HPV,2023-10-31,2024-04-28
Caitlin Porter,1983-11-04,MMR,2024-07-01,2025-04-26
Amy Wood,2002-12-29,HPV,2024-09-08,2025-10-08
Christopher King,1988-01-10,MMR,2025-04-08,2026-05-15
Daniel Hogan,1944-01-30,COVID,2023-08-16,2024-08-23
Bryan Greene,1986-09-21,HPV,2024-01-16,2025-03-26
John Gonzalez,1945-09-26,Tetanus,2024-09-14,2026-06-12
Carla Flowers DVM,1961-10-11,HPV,2024-03-08,2025-06-26
Ryan Powell,1994-09-11,COVID,2024-12-30,2025-10-10
Amanda Kelley,1964-01-12,Flu,2023-11-06,2025-05-21
Samantha Wright,1976-10-07,HPV,2024-07-25,2025-02-06
Mr. Kenneth Smith,2017-09-02,Tetanus,2025-04-23,2026-06-08
Melinda Cardenas,2001-03-31,Hepatitis,2024-02-01,2025-05-01
Amanda Jackson,1975-03-04,HPV,2023-09-14,2025-05-03
Melissa Rodriguez,2019-07-10,COVID,2025-02-23,2026-08-14
Paula Zamora,1958-07-14,MMR,2024-06-09,2026-04-07
Gregory Sellers,1974-03-21,COVID,2023-11-12,2025-06-24
Alexis Moran,1993-12-22,MMR,2024-04-18,2025-03-02
Diane Johnson,1996-09-27,HPV,2025-05-04,2026-03-03
Jeffrey Smith,1992-08-15,COVID,2023-09-15,2025-01-06
Alicia Reese,2020-07-19,Hepatitis,2023-09-27,2025-01-27
Sara Carlson,1974-12-24,Hepatitis,2025-05-31,2026-12-23
Matthew Stewart,1984-07-21,HPV,2025-05-13,2027-04-10
Michael Christensen,1968-04-20,Hepatitis,2025-07-22,2026-05-14
Carolyn Crosby,1968-10-18,Flu,2024-08-09,2025-06-28
Jerome Norton,1960-07-14,Flu,2023-12-27,2025-09-02
Jessica Smith,2000-05-14,Tetanus,2025-05-20,2026-04-14
Deanna Smith,1973-08-26,HPV,2024-05-24,2026-01-02
Michelle Jones,1988-07-11,Tetanus,2024-04-11,2025-09-25
Carolyn Rios,1995-02-12,HPV,2025-02-05,2026-12-08
Marc Sloan,1969-01-22,Tetanus,2023-10-29,2025-09-29
Anna Long,1953-02-08,Flu,2024-11-05,2026-10-14
Denise Rose,2007-08-20,MMR,2024-03-10,2025-01-17
Jeremy Frazier,1966-12-24,MMR,2025-02-26,2026-05-28
Anna Santos,2004-08-01,Flu,2024-01-02,2025-10-18
Corey Pace,1942-04-10,HPV,2025-05-31,2026-05-10
Albert Bailey,1992-05-28,MMR,2024-06-28,2025-09-17
Stephanie Payne,1999-12-16,Hepatitis,2025-06-02,2026-08-27
Amanda Mendoza,1952-08-30,HPV,2024-10-03,2025-06-19
Elizabeth Carpenter,1974-12-03,MMR,2025-08-09,2027-01-01
Andrew King,1987-11-16,Hepatitis,2023-08-22,2024-11-23
Paula Preston,2014-06-26,HPV,2024-09-06,2026-03-04
Michael Lee,1943-05-01,COVID,2024-03-17,2026-01-29
Dr. Zachary Macdonald,2004-06-02,COVID,2024-12-21,2026-03-18
Jason Hogan,1943-06-17,COVID,2025-03-25,2025-10-22
John Cobb,2010-02-02,COVID,2025-02-02,2026-08-29
Martha Spears,2007-08-05,Flu,2023-08-20,2024-10-14
Aaron Curtis,1962-10-09,HPV,2025-01-20,2025-11-07
Mark Garrett,1975-12-22,Hepatitis,2025-08-04,2027-07-31
Patrick Clark,1959-08-17,Tetanus,2024-01-14,2025-10-20
Dr. Karen Henderson,1998-01-01,HPV,2025-06-28,2027-05-06
Ryan Cruz,1937-10-25,HPV,2023-09-11,2025-09-09
Robert Huynh,2005-08-08,Flu,2024-04-25,2025-03-15
Richard Martinez,1980-11-11,Tetanus,2023-11-05,2024-11-09
Sarah Smith,1977-05-12,Tetanus,2024-07-12,2026-06-14
Kaitlin Mayo,2015-03-11,COVID,2024-08-14,2026-03-20
Karen Jordan,1975-05-13,HPV,2025-05-18,2026-11-20
Joanne Floyd PhD,1946-07-14,Hepatitis,2025-07-14,2027-05-07
Alison Johnson,1979-10-30,Tetanus,2024-09-14,2026-03-06
Valerie Mathis,2016-01-09,COVID,2025-02-08,2026-03-03
Mrs. Courtney Flores,1955-08-02,Flu,2025-01-29,2026-03-03
Cindy Powell,1952-04-10,Tetanus,2024-11-14,2026-11-07
Kathy Fernandez,1980-01-11,COVID,2025-08-10,2026-06-06
Laura Moore,1999-04-11,COVID,2024-03-01,2025-07-15
Courtney Hobbs,2014-08-13,MMR,2023-08-14,2025-04-12
Mark Phillips,1951-02-17,Tetanus,2025-06-03,2027-02-14
Mark Matthews,1936-11-21,Flu,2025-08-02,2026-08-16
George Montoya,1956-04-20,Tetanus,2024-06-04,2024-12-30
Olivia Greene,1944-05-12,Tetanus,2024-04-30,2026-03-29
Kenneth Martinez,1956-09-01,COVID,2025-01-05,2026-11-29
Laura Hahn,1954-04-08,MMR,2024-12-01,2025-08-17
Bailey Ortiz,1956-01-08,Flu,2025-03-06,2026-10-28
Shelley Alvarez,1946-12-20,COVID,2024-05-25,2025-09-12
Samantha Brooks,2001-11-20,Tetanus,2025-02-25,2026-12-25
